instance_id,vectors,patch_files,patch_diffs,any_file_context,any_snippet_context,all_file_context,all_snippet_context,avg_distance_to_snippet,files_missed_by_devin,devin_pass_or_fail
astropy__astropy-7008,3544,4,6,140,1215,11365,,1.0,4,fail
astropy__astropy-7166,3503,1,3,8605,345,8605,19021,,0,fail
astropy__astropy-7218,3527,1,1,11238,10681,11238,10681,,0,fail
astropy__astropy-7606,3595,1,2,16841,454,16841,994,,0,pass
astropy__astropy-7671,3567,1,2,3036,545,3036,,84.0,0,pass
astropy__astropy-8251,3716,2,4,23873,2692,28119,,9.0,2,fail
astropy__astropy-12057,4513,1,4,7385,1495,7385,,372.5,0,fail
astropy__astropy-12842,4507,2,12,38186,6685,64169,,1111.7272727272727,2,fail
astropy__astropy-12880,4470,1,2,18924,1997,18924,8572,,0,fail
astropy__astropy-12907,4476,1,1,2411,,2411,,77.0,0,fail
astropy__astropy-13032,4484,1,4,10114,569,10114,1414,,0,fail
astropy__astropy-13068,4530,2,2,19170,14984,45811,17141,,1,fail
astropy__astropy-13158,4532,7,33,36303,19180,,,652.2727272727273,6,fail
astropy__astropy-13236,4520,1,1,32879,14621,32879,14621,,0,fail
astropy__astropy-13390,4529,1,2,14772,6747,14772,,355.0,0,fail
astropy__astropy-13438,4525,1,2,1610,8582,1610,9532,,1,fail
astropy__astropy-13465,4532,2,7,12859,2005,26707,12896,,1,fail
astropy__astropy-13469,4534,1,1,32807,200,32807,200,,0,fail
astropy__astropy-13579,4532,1,2,2537,270,2537,270,,0,fail
astropy__astropy-13745,4538,1,1,6346,276,6346,276,,0,pass
astropy__astropy-13838,4544,1,2,6312,1338,6312,,260.0,0,fail
astropy__astropy-14096,4568,1,1,19772,11097,19772,11097,,0,fail
astropy__astropy-14484,4622,1,1,41398,10262,41398,10262,,1,fail
astropy__astropy-14578,4622,1,1,39864,,39864,,1300.0,0,fail
astropy__astropy-14590,4621,1,5,10404,176,10404,6870,,0,fail
astropy__astropy-14628,4624,1,2,9536,944,9536,944,,0,fail
astropy__astropy-14907,4610,2,3,,,,,,2,fail
astropy__astropy-14995,4619,1,1,19064,4281,19064,4281,,0,pass
django__django-5470,3219,2,3,5058,496,118761,34927,,1,fail
django__django-7530,3357,1,1,7802,1631,7802,1631,,0,fail
django__django-8630,3514,1,3,2664,919,2664,1116,,0,fail
django__django-9296,3412,1,1,1264,1126,1264,1126,,0,pass
django__django-9871,3302,1,2,7429,35417,7429,35417,,0,pass
django__django-10087,3327,1,2,557,265,557,562,,0,fail
django__django-10554,3372,2,2,27572,1094,80168,15155,,1,fail
django__django-10606,3417,1,2,2114,132,2114,132,,0,pass
django__django-10643,3410,1,2,72539,,72539,,263.0,0,fail
django__django-10939,3362,1,3,26303,612,26303,9519,,1,fail
django__django-10957,3362,1,4,1877,180,1877,2442,,0,fail
django__django-10973,3362,1,2,472,472,472,472,,0,pass
django__django-10999,3365,1,1,1448,968,1448,968,,0,fail
django__django-11085,3368,1,2,14837,820,14837,820,,0,fail
django__django-11138,3371,4,7,5464,728,24034,,349.0,3,fail
django__django-11141,3415,1,2,2917,938,2917,938,,0,fail
django__django-11155,3371,2,2,5584,856,10259,4204,,1,fail
django__django-11163,3367,1,1,11446,1026,11446,1026,,0,pass
django__django-11165,3370,1,1,4686,151,4686,151,,0,fail
django__django-11166,3369,1,2,8961,535,8961,535,,0,fail
django__django-11179,3371,1,1,2761,556,2761,556,,0,fail
django__django-11239,3372,1,2,269,269,269,269,,0,fail
django__django-11244,3371,1,2,509,508,509,508,,0,pass
django__django-11298,3388,2,2,13571,2009,23856,3546,,1,fail
django__django-11333,3388,2,3,5426,698,6605,4191,,1,fail
django__django-11396,3368,1,3,23385,6518,23385,12282,,0,fail
django__django-11399,3368,1,1,2966,6794,2966,6794,,0,pass
django__django-11405,3368,1,1,23379,2492,23379,2492,,0,fail
django__django-11417,3371,1,2,3725,588,3725,,200.0,1,fail
django__django-11422,3368,1,1,4594,37143,4594,37143,,0,fail
django__django-11525,3388,1,2,1014,133,1014,449,,0,fail
django__django-11583,3394,1,1,4698,14336,4698,14336,,0,pass
django__django-11584,3394,2,2,27710,29301,,,,1,fail
django__django-11592,3394,1,1,6183,2686,6183,2686,,0,pass
django__django-11605,3396,2,4,10035,6595,34871,,371.0,1,fail
django__django-11630,3394,1,2,35607,4361,35607,4361,,0,fail
django__django-11727,3408,1,2,920,343,920,343,,1,fail
django__django-11742,3411,1,2,17257,528,17257,528,,0,fail
django__django-11790,3409,1,1,3334,1371,3334,1371,,0,fail
django__django-11815,3412,1,1,2567,155,2567,155,,0,fail
django__django-11820,3412,1,1,15245,673,15245,673,,0,fail
django__django-11893,3427,1,2,26459,356,26459,54427,,1,fail
django__django-11903,3415,1,1,3400,305,3400,305,,0,fail
django__django-11964,3417,1,1,541,259,541,259,,0,fail
django__django-12009,3425,1,1,27,27,27,27,,1,fail
django__django-12049,3420,1,3,18603,888,18603,888,,0,fail
django__django-12091,3424,3,5,6247,1871,82781,,20.0,2,fail
django__django-12125,3423,1,1,21485,39228,21485,39228,,1,fail
django__django-12143,3424,1,1,18366,5990,18366,5990,,0,pass
django__django-12148,3424,1,2,310,310,310,310,,0,fail
django__django-12193,3424,1,1,25527,511,25527,511,,0,pass
django__django-12198,3425,3,5,6318,21894,163974,,317.0,3,fail
django__django-12209,3425,1,1,15311,3381,15311,3381,,0,pass
django__django-12262,3425,1,1,13579,1129,13579,1129,,0,fail
django__django-12281,3423,1,2,9016,281,9016,26564,,0,fail
django__django-12306,3424,1,1,17512,448,17512,448,,0,pass
django__django-12325,3423,2,3,30954,1422,46307,,161.0,1,fail
django__django-12430,3423,1,2,813,178,813,1566,,0,pass
django__django-12441,3422,2,2,4012,634,5244,2591,,1,fail
django__django-12453,3422,1,2,13236,1626,13236,3247,,0,pass
django__django-12470,3437,1,1,62378,4244,62378,4244,,0,fail
django__django-12477,3424,1,3,41496,1270,41496,1270,,0,fail
django__django-12519,3424,3,6,89000,33021,,,259.0,3,fail
django__django-12556,3428,3,4,582,229,,,172.0,1,fail
django__django-12663,3441,1,1,38777,31848,38777,31848,,1,fail
django__django-12713,3445,1,1,19684,496,19684,496,,0,pass
django__django-12771,3446,5,19,20851,316,188754,,476.6,4,fail
django__django-12774,3445,1,1,25182,7840,25182,7840,,0,fail
django__django-12803,3446,1,1,3530,346,3530,346,,0,pass
django__django-12856,3464,1,1,17040,1876,17040,1876,,1,fail
django__django-12906,3466,1,2,53557,11441,53557,11441,,1,fail
django__django-12908,3466,1,1,31157,1559,31157,1559,,0,fail
django__django-13022,3470,1,1,2187,116,2187,116,,0,pass
django__django-13030,3470,1,1,23477,2338,23477,2338,,1,fail
django__django-13118,3478,1,2,32420,977,32420,977,,1,fail
django__django-13162,3482,1,1,2780,814,2780,814,,1,fail
django__django-13230,3475,1,1,5059,5246,5059,5246,,0,pass
django__django-13233,3474,1,1,3739,,3739,,110.0,0,fail
django__django-13237,3478,1,1,11920,,11920,,147.0,1,fail
django__django-13250,3473,5,7,3953,4566,133917,,100.0,4,fail
django__django-13251,3474,1,5,182241,,182241,,374.6,0,pass
django__django-13281,3478,1,1,55716,27674,55716,27674,,0,pass
django__django-13297,3478,1,3,7964,1339,7964,2537,,0,fail
django__django-13300,3478,3,4,10777,266,67664,44576,,2,fail
django__django-13321,3479,1,1,2760,8114,2760,8114,,0,fail
django__django-13343,3482,1,2,3780,1872,3780,1872,,0,fail
django__django-13347,3481,1,1,4462,267,4462,267,,0,pass
django__django-13355,3491,1,1,8060,319,8060,319,,0,fail
django__django-13363,3482,1,2,2552,1235,2552,1235,,0,pass
django__django-13371,3486,2,6,17133,263,,,,1,fail
django__django-13447,3541,1,1,4383,476,4383,476,,0,pass
django__django-13449,3491,1,2,11404,1534,11404,28380,,0,fail
django__django-13484,3492,1,4,,,,,,1,fail
django__django-13512,3492,2,3,9347,351,22037,9186,,2,fail
django__django-13513,3492,1,4,4482,631,4482,631,,0,fail
django__django-13516,3492,1,1,15608,37377,15608,37377,,1,fail
django__django-13569,3501,1,1,75263,13268,75263,13268,,1,fail
django__django-13660,3511,1,1,820,563,820,563,,0,fail
django__django-13667,3515,2,5,28082,561,50540,12946,,2,fail
django__django-13671,3517,2,5,2183,5559,23487,,101.0,1,fail
django__django-13689,3515,1,1,12174,2009,12174,2009,,0,pass
django__django-13722,3512,1,2,21870,5803,21870,5803,,0,fail
django__django-13741,3517,1,2,3206,162,3206,,141.0,0,pass
django__django-13744,3517,2,3,1987,318,8031,9549,,1,fail
django__django-13794,3518,1,1,17164,8829,17164,8829,,1,fail
django__django-13807,3518,1,1,9107,1013,9107,1013,,0,fail
django__django-13808,3513,2,4,2840,989,4590,2143,,1,fail
django__django-13820,3518,1,1,3070,925,3070,925,,0,fail
django__django-13822,3518,1,1,13810,770,13810,770,,0,fail
django__django-13837,3518,1,1,5082,841,5082,841,,0,fail
django__django-13924,3513,1,1,23007,13839,23007,13839,,1,fail
django__django-13933,3514,1,1,11762,813,11762,813,,0,fail
django__django-14017,3513,1,1,2551,1839,2551,1839,,0,fail
django__django-14140,3521,1,1,2563,338,2563,338,,0,fail
django__django-14151,3522,1,1,3337,1507,3337,1507,,0,pass
django__django-14282,3532,1,1,,,,,,1,fail
django__django-14372,3541,2,2,3828,1920,134153,32608,,1,fail
django__django-14434,3545,1,2,12749,354,12749,354,,0,fail
django__django-14441,3576,1,1,539,391,539,391,,0,pass
django__django-14453,3553,1,1,5745,177,5745,177,,0,fail
django__django-14463,3751,17,52,1960,453,199170,,799.7647058823529,16,fail
django__django-14480,3680,7,13,28663,1038,,,148.0,5,fail
django__django-14513,3551,1,3,10130,3468,10130,8015,,0,fail
django__django-14599,3567,1,1,3790,675,3790,675,,0,fail
django__django-14634,3560,1,2,1716,263,1716,,68.0,0,fail
django__django-14667,3564,1,1,39914,996,39914,996,,0,fail
django__django-14722,3597,1,3,26776,16054,26776,,754.0,1,fail
django__django-14733,3571,1,4,22803,2056,22803,17803,,0,pass
django__django-14751,3612,1,6,2862,644,2862,2755,,0,fail
django__django-14762,3592,1,2,5458,411,5458,870,,0,fail
django__django-14792,3576,1,1,23910,5426,23910,5426,,1,fail
django__django-14855,3589,1,1,44964,31206,44964,31206,,0,pass
django__django-14871,3585,1,3,3872,569,3872,901,,0,fail
django__django-14880,3592,1,2,13970,674,13970,945,,0,fail
django__django-14894,3589,6,12,40004,6180,,,305.2,5,fail
django__django-14919,3599,2,4,2280,1489,14225,,181.0,1,fail
django__django-14996,3594,2,3,2477,4089,52291,37304,,1,fail
django__django-14997,3594,1,1,189274,,189274,,90.0,1,fail
django__django-14999,3597,1,1,6450,1137,6450,1137,,0,fail
django__django-15018,3596,1,1,3508,847,3508,847,,0,fail
django__django-15044,3597,1,3,1588,556,1588,2159,,0,fail
django__django-15061,3600,1,1,11995,3059,11995,3059,,0,pass
django__django-15180,3607,1,1,669,222,669,222,,0,fail
django__django-15204,3609,1,1,51083,42717,51083,42717,,1,fail
django__django-15206,3609,1,3,459,119,459,1437,,0,fail
django__django-15278,3611,1,1,4214,1228,4214,1228,,0,pass
django__django-15316,3613,2,4,3329,111,37449,,396.0,1,fail
django__django-15380,3621,1,1,12115,2271,12115,2271,,1,fail
django__django-15382,3623,1,1,56777,1618,56777,1618,,1,fail
django__django-15400,3671,1,1,3137,2691,3137,2691,,0,fail
django__django-15421,3684,2,5,20957,3834,21819,,159.33333333333334,2,fail
django__django-15525,3684,1,1,114039,23147,114039,23147,,1,fail
django__django-15569,3694,1,1,2529,,2529,,52.0,0,pass
django__django-15648,3721,1,2,1737,141,1737,11666,,0,fail
django__django-15698,3721,1,1,8578,11211,8578,11211,,0,pass
django__django-15732,3721,1,4,16424,1038,16424,9803,,1,fail
django__django-15737,3721,1,1,18545,520,18545,520,,0,pass
django__django-15738,3722,1,1,55516,33581,55516,33581,,1,fail
django__django-15742,3722,1,2,4182,1236,4182,18166,,0,pass
django__django-15766,3728,2,6,7484,766,12913,,125.66666666666667,1,fail
django__django-15789,3722,1,2,3252,156,3252,156,,0,fail
django__django-15790,3723,1,2,479,166,479,166,,0,fail
django__django-15799,3724,1,1,41287,7715,41287,7715,,0,pass
django__django-15957,3723,1,4,37152,,37152,,384.5,1,fail
django__django-15969,3725,1,9,3932,569,3932,,35.0,0,fail
django__django-15973,3725,1,1,28068,6422,28068,6422,,1,fail
django__django-15993,3725,1,1,7751,1193,7751,1193,,0,fail
django__django-15995,3725,1,2,11242,330,11242,1749,,0,fail
django__django-15996,3725,1,2,2687,136,2687,4254,,1,fail
django__django-16032,3730,2,5,43357,2553,80564,46625,,2,fail
django__django-16076,3733,1,2,98034,20105,98034,,294.0,1,fail
django__django-16111,3731,2,2,24962,7295,73218,,1.0,1,fail
django__django-16116,3733,1,2,3935,458,3935,1682,,0,pass
django__django-16136,3733,1,1,1873,176,1873,176,,1,fail
django__django-16254,3734,1,1,4583,55302,4583,55302,,0,fail
django__django-16256,3734,2,11,11090,345,16654,,359.0,1,fail
django__django-16260,3735,1,1,33146,2603,33146,2603,,0,fail
django__django-16281,3737,1,5,40805,2198,40805,36139,,1,fail
django__django-16317,3738,1,3,20636,483,20636,3418,,0,fail
django__django-16511,3740,1,2,20391,353,20391,612,,0,fail
django__django-16517,3735,1,2,5955,13949,5955,13949,,1,fail
django__django-16532,3740,1,1,7999,499,7999,499,,1,fail
django__django-16603,3759,1,2,2421,423,2421,1596,,0,fail
django__django-16612,3746,1,1,4490,129,4490,129,,0,fail
django__django-16631,3751,2,3,14847,10028,20817,34227,,1,fail
django__django-16649,3757,1,3,43128,514,43128,1978,,1,fail
django__django-16735,3761,2,3,6315,443,126566,,700.0,1,fail
django__django-16745,3770,2,2,9792,195,14413,370,,1,fail
django__django-16749,3761,1,4,5020,1717,5020,9301,,0,fail
django__django-16757,3762,1,1,48485,6237,48485,6237,,0,fail
django__django-16810,3763,5,7,6080,203,16146,,95.0,4,fail
django__django-16816,3763,1,1,28937,5228,28937,5228,,1,fail
django__django-16820,3763,1,1,43276,,43276,,112.0,0,fail
django__django-16910,3771,1,1,71907,4081,71907,4081,,0,fail
django__django-16983,3771,1,1,9583,144,9583,144,,0,fail
django__django-17046,3771,2,4,66485,5939,101183,16755,,2,fail
django__django-17051,3769,1,1,20557,1190,20557,1190,,0,fail
django__django-17087,3770,1,1,196509,,196509,,57.0,0,fail
matplotlib__matplotlib-14471,3931,2,5,46713,26753,178095,,1004.0,2,fail
matplotlib__matplotlib-19743,3969,6,8,36213,10614,,,86.0,5,fail
matplotlib__matplotlib-20470,3882,2,5,28951,10623,115578,41534,,1,fail
matplotlib__matplotlib-20584,3794,1,1,41956,6660,41956,6660,,0,pass
matplotlib__matplotlib-20676,3787,1,1,27085,1109,27085,1109,,0,fail
matplotlib__matplotlib-20761,3799,1,1,26046,,26046,,1544.0,0,fail
matplotlib__matplotlib-21443,3882,1,1,96489,,96489,,541.0,0,fail
matplotlib__matplotlib-21481,3882,1,1,90389,,90389,,47.0,1,fail
matplotlib__matplotlib-21490,3882,2,4,11984,,,,584.0,1,fail
matplotlib__matplotlib-21542,3882,1,2,14249,5976,14249,25716,,0,fail
matplotlib__matplotlib-21550,3874,1,1,,,,,,1,fail
matplotlib__matplotlib-22926,3915,1,5,32204,1268,32204,,1258.0,0,fail
matplotlib__matplotlib-22929,3916,1,4,101815,3026,101815,,1251.3333333333333,0,fail
matplotlib__matplotlib-23047,3902,1,1,222657,,222657,,6616.0,0,fail
matplotlib__matplotlib-23174,3900,1,1,157025,,157025,,586.0,1,fail
matplotlib__matplotlib-23188,3900,1,4,18541,935,18541,50633,,0,fail
matplotlib__matplotlib-23198,3902,2,7,,,,,,0,fail
matplotlib__matplotlib-23266,3902,1,4,16683,867,16683,,738.0,0,fail
matplotlib__matplotlib-23348,3906,2,5,210,210,32227,,98.0,1,fail
matplotlib__matplotlib-23412,3906,1,1,61798,,61798,,3527.0,0,fail
matplotlib__matplotlib-23476,3910,1,1,172027,24712,172027,24712,,0,fail
matplotlib__matplotlib-23742,3926,2,2,5548,20752,,,,1,fail
matplotlib__matplotlib-24013,3948,18,20,66588,,,,28.0,17,fail
matplotlib__matplotlib-24026,3936,1,3,2080,1483,2080,5583,,0,fail
matplotlib__matplotlib-24088,3935,1,1,28715,323,28715,323,,1,fail
matplotlib__matplotlib-24362,3941,1,1,,,,,,0,pass
matplotlib__matplotlib-24403,3939,1,1,74386,1425,74386,1425,,0,fail
matplotlib__matplotlib-24604,3967,3,14,2330,760,70700,,190.0,3,fail
matplotlib__matplotlib-24768,3935,1,2,,,,,,1,fail
matplotlib__matplotlib-24849,3867,2,7,12499,528,30306,,618.6666666666666,1,fail
matplotlib__matplotlib-24870,3968,2,5,16627,273,21740,,12.0,2,fail
matplotlib__matplotlib-24971,3959,1,2,173101,41223,173101,,18.0,1,fail
matplotlib__matplotlib-25281,3848,1,3,11534,3702,11534,16848,,0,fail
matplotlib__matplotlib-25404,3873,1,8,35266,5654,35266,,698.4,0,pass
matplotlib__matplotlib-25430,3850,3,5,4793,1430,51435,,197.0,2,fail
matplotlib__matplotlib-25433,3850,1,1,115514,,115514,,2523.0,1,fail
matplotlib__matplotlib-25479,3851,2,2,11678,18070,121800,,443.0,1,fail
matplotlib__matplotlib-25498,3848,1,2,14311,12116,14311,16627,,0,fail
matplotlib__matplotlib-25651,3856,1,3,,,,,,0,fail
matplotlib__matplotlib-25785,3893,2,4,12045,5436,168676,,608.5,1,fail
matplotlib__matplotlib-25960,3859,1,2,39796,10939,39796,10939,,0,fail
matplotlib__matplotlib-26024,3855,1,2,56541,12416,56541,12416,,0,fail
matplotlib__matplotlib-26249,3867,1,1,115846,28685,115846,28685,,1,fail
matplotlib__matplotlib-26311,3880,1,1,18001,6036,18001,6036,,0,fail
matplotlib__matplotlib-26466,3900,1,4,15369,32374,15369,,58.0,0,fail
mwaskom__seaborn-2389,424,1,4,11741,316,11741,95808,,0,fail
mwaskom__seaborn-2576,439,1,9,9387,1376,9387,79222,,0,fail
mwaskom__seaborn-2979,616,2,4,32502,1871,85814,90991,,2,fail
mwaskom__seaborn-3217,661,2,3,2123,9867,73686,37875,,2,fail
pallets__flask-4045,241,1,2,4417,172,4417,1088,,0,fail
pallets__flask-4935,274,1,2,5740,846,5740,6995,,0,fail
pallets__flask-5014,255,1,1,5143,395,5143,395,,0,fail
psf__requests-1537,164,1,1,4883,371,4883,371,,0,fail
psf__requests-1635,184,3,3,3938,4750,12073,23904,,2,fail
psf__requests-1657,185,1,2,9141,4691,9141,7523,,0,fail
psf__requests-1689,185,1,2,7085,1042,7085,3554,,0,fail
psf__requests-1713,188,2,4,3385,2716,17988,31619,,1,fail
psf__requests-1776,189,3,7,7651,2945,14817,41315,,2,fail
psf__requests-2617,340,2,2,15026,8834,46403,44415,,1,fail
psf__requests-2674,340,1,2,37948,18373,37948,56283,,1,fail
psf__requests-6028,143,1,1,7696,35738,7696,35738,,1,fail
pydata__xarray-3239,917,5,32,10748,5856,143562,,246.375,4,fail
pydata__xarray-3305,917,2,5,41568,35899,102657,38187,,2,fail
pydata__xarray-3635,956,1,2,150358,,150358,,1672.0,0,fail
pydata__xarray-3677,962,1,1,57181,25525,57181,25525,,1,fail
pydata__xarray-3733,952,7,9,10540,12316,165589,,401.0,6,fail
pydata__xarray-3812,932,1,1,11103,3607,11103,3607,,0,fail
pydata__xarray-4184,976,3,8,92509,39181,,,,2,fail
pydata__xarray-4248,988,1,1,5259,,5259,,48.0,0,fail
pydata__xarray-4339,990,1,15,131895,13107,131895,,157.33333333333334,0,fail
pydata__xarray-4419,1003,1,1,81306,33635,81306,33635,,0,fail
pydata__xarray-4629,1023,1,1,7866,3054,7866,3054,,0,pass
pydata__xarray-4684,1037,1,6,74163,3073,74163,,116.5,0,fail
pydata__xarray-4687,1247,1,4,,,,,,1,fail
pydata__xarray-4750,1037,2,4,194877,,,,128.0,1,fail
pydata__xarray-4819,1041,2,2,36496,2581,100189,23048,,1,fail
pydata__xarray-4879,1376,1,8,,,,,,1,fail
pydata__xarray-5033,1088,2,3,872,624,12940,9379,,1,pass
pydata__xarray-5126,1108,3,18,2192,746,12372,14924,,2,fail
pydata__xarray-5131,1088,1,1,98309,,98309,,455.0,0,fail
pydata__xarray-5187,1107,5,10,73094,5132,,,1924.5,4,fail
pydata__xarray-5365,1224,2,4,14806,718,61173,,1417.0,2,fail
pydata__xarray-6400,1310,3,8,172916,11922,,,,3,fail
pydata__xarray-6461,1308,1,1,17109,149,17109,149,,0,fail
pydata__xarray-6548,1307,2,3,50065,2757,50065,,1826.0,1,fail
pydata__xarray-6889,1285,1,1,189153,,189153,,471.0,1,fail
pydata__xarray-6999,1282,2,3,51221,,157303,,2946.0,1,fail
pydata__xarray-7003,1285,1,2,10615,984,10615,2765,,0,fail
pydata__xarray-7019,1358,23,132,6821,1610,,,707.3050847457627,22,fail
pydata__xarray-7120,1292,1,1,190709,,190709,,5269.0,1,fail
pydata__xarray-7150,1308,1,1,74405,,74405,,761.0,1,fail
pydata__xarray-7391,1328,1,1,143221,,143221,,5358.0,0,fail
pydata__xarray-7393,1317,1,1,207241,,207241,,1496.0,1,pass
pylint-dev__pylint-4175,794,1,1,,,,,,1,fail
pylint-dev__pylint-4516,766,2,5,14235,30897,129631,,70.33333333333333,0,fail
pylint-dev__pylint-5201,829,4,12,2617,3136,62250,,217.28571428571428,3,fail
pylint-dev__pylint-5446,935,1,1,31487,,31487,,276.0,0,fail
pylint-dev__pylint-6059,1035,1,1,25239,,25239,,41.0,1,fail
pylint-dev__pylint-6386,1225,4,8,8239,9638,45119,,352.0,3,fail
pylint-dev__pylint-6517,1291,1,1,112747,,112747,,75.0,1,fail
pylint-dev__pylint-6528,1305,2,5,14344,29207,149883,,257.0,1,fail
pylint-dev__pylint-6556,1303,2,5,9528,,111394,,198.6,2,fail
pylint-dev__pylint-7993,1814,1,1,35029,18735,35029,18735,,0,fail
pylint-dev__pylint-8124,1950,1,5,8680,7552,8680,,22.333333333333332,1,fail
pylint-dev__pylint-8169,1953,1,1,109933,28270,109933,28270,,0,fail
pylint-dev__pylint-8929,1977,5,10,793,190,,,163.0,4,fail
pytest-dev__pytest-5103,867,1,3,25267,62268,25267,70317,,0,fail
pytest-dev__pytest-5254,877,2,5,59965,30114,80800,35103,,2,fail
pytest-dev__pytest-5495,857,1,1,10593,1592,10593,1592,,1,fail
pytest-dev__pytest-5692,873,1,2,5027,1101,5027,3453,,0,fail
pytest-dev__pytest-5808,883,1,1,806,479,806,479,,0,pass
pytest-dev__pytest-5809,888,1,1,854,345,854,345,,0,pass
pytest-dev__pytest-5840,882,2,7,17857,798,146594,,307.0,1,fail
pytest-dev__pytest-6116,901,1,1,5363,757,5363,757,,0,fail
pytest-dev__pytest-6202,892,1,1,99606,,99606,,950.0,0,fail
pytest-dev__pytest-6680,949,1,1,460,460,460,460,,1,fail
pytest-dev__pytest-7122,951,2,5,803,341,803,,28.0,1,fail
pytest-dev__pytest-7236,961,1,4,9873,1304,9873,30688,,0,fail
pytest-dev__pytest-7283,949,1,4,9935,1478,9935,30797,,0,fail
pytest-dev__pytest-7535,1032,1,1,9759,,9759,,577.0,0,fail
pytest-dev__pytest-7673,1035,1,1,6354,195,6354,195,,0,pass
pytest-dev__pytest-7982,1057,1,1,14444,,14444,,512.0,0,pass
pytest-dev__pytest-8022,1061,1,1,22191,2174,22191,2174,,0,pass
pytest-dev__pytest-8906,1107,1,1,65376,47480,65376,47480,,0,fail
pytest-dev__pytest-8952,1108,2,5,15703,172,18467,1007,,1,fail
pytest-dev__pytest-8987,1110,1,2,82655,16680,82655,65327,,0,pass
pytest-dev__pytest-9133,1111,2,5,15716,185,16240,454,,1,fail
pytest-dev__pytest-9249,1114,1,2,,,,,,1,fail
pytest-dev__pytest-9359,1120,1,1,200433,,200433,,16.0,1,fail
pytest-dev__pytest-9646,1121,1,2,22666,,22666,,377.0,1,fail
pytest-dev__pytest-10356,1130,1,2,45291,25982,45291,57697,,0,fail
pytest-dev__pytest-11148,1202,1,1,114158,,114158,,459.0,1,fail
scikit-learn__scikit-learn-3840,2917,1,4,8379,939,8379,939,,0,fail
scikit-learn__scikit-learn-9274,2984,1,11,11623,1876,11623,33477,,0,fail
scikit-learn__scikit-learn-9775,2936,1,3,8309,617,8309,1909,,0,fail
scikit-learn__scikit-learn-9939,2881,1,2,17480,11761,17480,36756,,0,fail
scikit-learn__scikit-learn-10198,2888,1,2,28299,2691,28299,,239.0,0,fail
scikit-learn__scikit-learn-10297,2896,1,3,12573,803,12573,2995,,0,pass
scikit-learn__scikit-learn-10306,2896,9,17,31176,26544,,,187.75,7,fail
scikit-learn__scikit-learn-10428,2881,1,2,17447,21491,17447,27383,,0,fail
scikit-learn__scikit-learn-10443,2936,1,11,14770,3393,14770,27618,,0,fail
scikit-learn__scikit-learn-10452,2883,1,2,25777,235,25777,1107,,0,fail
scikit-learn__scikit-learn-10459,2883,1,9,6731,203,6731,24855,,0,fail
scikit-learn__scikit-learn-10495,2916,1,1,7263,1293,7263,1293,,0,fail
scikit-learn__scikit-learn-10581,2899,1,1,20402,8062,20402,8062,,0,fail
scikit-learn__scikit-learn-10687,2917,1,1,39791,7099,39791,7099,,0,fail
scikit-learn__scikit-learn-10774,2918,6,23,16999,7231,,,40.25,3,fail
scikit-learn__scikit-learn-10870,2866,2,5,13530,5624,18882,50522,,1,pass
scikit-learn__scikit-learn-10881,2922,2,2,31705,20133,194714,55113,,1,fail
scikit-learn__scikit-learn-10986,2934,1,1,17589,6022,17589,6022,,0,pass
scikit-learn__scikit-learn-11281,2964,1,3,24668,32275,24668,32275,,1,fail
scikit-learn__scikit-learn-11315,2969,2,18,5017,725,6669,,75.0,1,fail
scikit-learn__scikit-learn-11496,2864,1,5,7910,765,7910,5975,,0,fail
scikit-learn__scikit-learn-11542,2866,6,20,16995,4569,,,97.0,5,fail
scikit-learn__scikit-learn-11578,2890,1,1,16905,3433,16905,3433,,0,pass
scikit-learn__scikit-learn-12421,3143,1,6,8247,4253,8247,5659,,0,fail
scikit-learn__scikit-learn-12462,3144,1,1,11705,,11705,,308.0,1,fail
scikit-learn__scikit-learn-12557,2995,4,12,12870,2867,125954,,482.0,4,fail
scikit-learn__scikit-learn-12583,3231,1,7,10656,2842,10656,10418,,0,fail
scikit-learn__scikit-learn-12834,3150,1,1,45578,39493,45578,39493,,1,fail
scikit-learn__scikit-learn-12938,3152,1,1,28371,12297,28371,12297,,0,fail
scikit-learn__scikit-learn-12973,3156,1,3,13972,1786,13972,1786,,0,pass
scikit-learn__scikit-learn-13087,3155,1,3,8521,3204,8521,3204,,0,fail
scikit-learn__scikit-learn-13157,3229,3,3,10845,1973,,,,2,fail
scikit-learn__scikit-learn-13174,3169,1,29,8697,180,8697,,49.75,0,fail
scikit-learn__scikit-learn-13280,3178,1,1,14830,16123,14830,16123,,0,fail
scikit-learn__scikit-learn-13302,2995,1,13,16634,3763,16634,,512.0,1,fail
scikit-learn__scikit-learn-13313,3181,1,1,21921,963,21921,963,,0,fail
scikit-learn__scikit-learn-13333,3233,1,6,24716,831,24716,,166.0,0,fail
scikit-learn__scikit-learn-13363,3231,1,4,13388,611,13388,1312,,0,fail
scikit-learn__scikit-learn-13368,3234,1,1,14384,3341,14384,3341,,0,fail
scikit-learn__scikit-learn-13472,3237,1,1,21197,672,21197,672,,0,fail
scikit-learn__scikit-learn-13496,3236,1,3,4271,263,4271,2085,,0,pass
scikit-learn__scikit-learn-13554,2925,1,5,13865,849,13865,849,,0,fail
scikit-learn__scikit-learn-13584,3231,1,1,160147,,160147,,305.0,0,fail
scikit-learn__scikit-learn-13641,2907,1,5,13238,4643,13238,16940,,0,fail
scikit-learn__scikit-learn-13828,2999,1,1,3385,673,3385,673,,0,fail
scikit-learn__scikit-learn-13910,2982,1,3,16239,1470,16239,1470,,0,fail
scikit-learn__scikit-learn-14092,2971,1,3,4186,563,4186,16387,,0,fail
scikit-learn__scikit-learn-14114,2986,1,4,9973,3031,9973,14092,,0,fail
scikit-learn__scikit-learn-14309,2989,1,1,6498,4388,6498,4388,,0,fail
scikit-learn__scikit-learn-14496,3013,1,6,8524,566,8524,8319,,0,pass
scikit-learn__scikit-learn-14890,3045,1,3,3778,6594,3778,6594,,1,fail
scikit-learn__scikit-learn-15084,3118,3,13,5521,1180,,,35.0,2,fail
scikit-learn__scikit-learn-15100,3115,1,1,14644,257,14644,257,,0,pass
scikit-learn__scikit-learn-15119,3118,1,2,7824,383,7824,383,,0,pass
scikit-learn__scikit-learn-15512,3143,1,2,3589,1074,3589,8456,,0,pass
scikit-learn__scikit-learn-19664,3914,1,4,4814,1520,4814,4994,,0,pass
scikit-learn__scikit-learn-23099,3963,1,6,5927,536,5927,15694,,0,fail
scikit-learn__scikit-learn-25363,3906,31,55,2008,811,,,578.8571428571429,30,fail
scikit-learn__scikit-learn-25500,3914,1,3,,,,,,1,fail
scikit-learn__scikit-learn-25589,3927,1,11,12137,6795,12137,13553,,0,fail
scikit-learn__scikit-learn-25601,3916,1,3,24021,2938,24021,,71.0,0,fail
scikit-learn__scikit-learn-25697,3935,1,21,6410,429,6410,,309.5,0,fail
scikit-learn__scikit-learn-25744,3922,2,6,15340,25882,125259,,430.0,1,fail
scikit-learn__scikit-learn-25747,3922,1,2,,,,,,0,pass
scikit-learn__scikit-learn-25752,3923,3,26,18021,7565,85469,,1251.0,2,fail
scikit-learn__scikit-learn-25805,3917,1,1,10987,4715,10987,4715,,0,fail
scikit-learn__scikit-learn-26242,3960,2,3,9785,820,12115,1118,,1,fail
scikit-learn__scikit-learn-26400,3996,1,1,27877,4077,27877,4077,,0,fail
sphinx-doc__sphinx-7268,1439,2,6,1241,119,16558,,67.0,1,fail
sphinx-doc__sphinx-7350,1445,1,2,8743,1460,8743,1770,,1,fail
sphinx-doc__sphinx-7374,1449,2,5,40096,4612,,,,1,fail
sphinx-doc__sphinx-7440,1450,1,2,9952,419,9952,29960,,0,fail
sphinx-doc__sphinx-7454,1450,1,1,41765,,41765,,147.0,1,fail
sphinx-doc__sphinx-7597,1465,1,4,11611,216,11611,7343,,0,fail
sphinx-doc__sphinx-7615,1465,1,2,49952,9509,49952,,53.0,1,fail
sphinx-doc__sphinx-7814,1487,1,2,11637,,11637,,440.5,0,fail
sphinx-doc__sphinx-7854,1487,3,9,3500,492,129412,,1133.3333333333333,2,fail
sphinx-doc__sphinx-7906,1487,4,10,24214,29136,,,701.3333333333334,3,fail
sphinx-doc__sphinx-7923,1489,1,1,,,,,,1,fail
sphinx-doc__sphinx-7930,1489,1,7,36995,10717,36995,,288.3333333333333,1,fail
sphinx-doc__sphinx-7975,1498,1,2,5771,75485,5771,,2.0,0,fail
sphinx-doc__sphinx-8007,1487,3,15,19210,2191,159436,,410.0,3,fail
sphinx-doc__sphinx-8075,1496,3,4,174552,36134,,,814.0,3,fail
sphinx-doc__sphinx-8095,1485,2,4,99620,,,,1054.0,1,fail
sphinx-doc__sphinx-8435,1502,1,2,19989,5776,19989,,540.0,0,fail
sphinx-doc__sphinx-8539,1521,2,5,22464,4678,23514,9523,,1,fail
sphinx-doc__sphinx-8548,1529,2,4,21215,14233,24774,20079,,1,fail
sphinx-doc__sphinx-8579,1530,1,4,3911,2209,3911,6208,,0,fail
sphinx-doc__sphinx-8599,1549,3,15,6895,507,31732,,379.5,2,fail
sphinx-doc__sphinx-8621,1536,1,1,377,324,377,324,,0,fail
sphinx-doc__sphinx-8658,1543,2,3,10667,164,14625,13283,,2,fail
sphinx-doc__sphinx-8801,1551,1,1,26096,12308,26096,12308,,1,fail
sphinx-doc__sphinx-8969,1519,1,4,1690,115,1690,,67.33333333333333,1,fail
sphinx-doc__sphinx-9128,1529,1,4,78879,15850,78879,,327.6666666666667,0,fail
sphinx-doc__sphinx-9230,1536,1,1,74251,,74251,,97.0,1,fail
sphinx-doc__sphinx-9231,1536,1,1,954,737,954,737,,0,fail
sphinx-doc__sphinx-9233,1538,1,2,23195,1173,23195,10778,,0,fail
sphinx-doc__sphinx-9234,1520,1,4,5637,744,5637,4954,,0,fail
sphinx-doc__sphinx-9320,1516,1,2,5540,1164,5540,2991,,0,fail
sphinx-doc__sphinx-9367,1516,1,1,2052,252,2052,252,,0,pass
sphinx-doc__sphinx-9464,1522,1,1,29238,1983,29238,1983,,0,fail
sphinx-doc__sphinx-9467,1522,1,1,5917,3448,5917,3448,,0,fail
sphinx-doc__sphinx-9602,1525,1,3,15974,,15974,,133.66666666666666,1,fail
sphinx-doc__sphinx-9798,1528,1,1,50561,,50561,,276.0,1,fail
sphinx-doc__sphinx-9799,1528,1,3,68906,7698,68906,,38.0,1,fail
sphinx-doc__sphinx-9829,1532,1,1,1197,528,1197,528,,0,fail
sphinx-doc__sphinx-9931,1536,4,22,24008,5198,,,568.875,3,fail
sphinx-doc__sphinx-9999,1528,1,1,25416,3041,25416,3041,,0,fail
sphinx-doc__sphinx-10067,1529,9,22,21776,5042,,,202.2,9,fail
sphinx-doc__sphinx-10321,1538,1,1,868,6480,868,6480,,0,pass
sphinx-doc__sphinx-10449,1531,1,3,26214,,26214,,41.333333333333336,1,fail
sphinx-doc__sphinx-10451,1531,1,2,56087,19855,56087,,84.0,0,fail
sphinx-doc__sphinx-10481,1532,1,1,7595,,7595,,58.0,0,fail
sphinx-doc__sphinx-10819,1535,1,4,4389,1052,4389,4817,,0,fail
sphinx-doc__sphinx-11312,1507,1,1,,,,,,0,fail
sphinx-doc__sphinx-11502,1496,1,1,4853,,4853,,476.0,0,fail
sympy__sympy-11232,6834,5,11,4150,840,,,1229.6666666666667,4,fail
sympy__sympy-11384,6748,2,2,77342,22486,,,,2,fail
sympy__sympy-11400,6761,1,1,3438,3148,3438,3148,,0,fail
sympy__sympy-11618,6849,1,1,7361,1378,7361,1378,,0,fail
sympy__sympy-11796,6846,1,1,,,,,,0,fail
sympy__sympy-11831,6851,1,1,,,,,,0,fail
sympy__sympy-12301,6883,1,2,,,,,,0,fail
sympy__sympy-12307,6883,1,1,31539,,31539,,60.0,0,fail
sympy__sympy-12419,6893,1,3,3728,235,3728,,377.0,1,fail
sympy__sympy-12881,6955,2,9,53076,11771,74515,,57.333333333333336,1,fail
sympy__sympy-13031,6937,1,2,42686,47276,42686,,171.0,1,fail
sympy__sympy-13091,7007,21,45,14426,813,,,1503.875,20,fail
sympy__sympy-13185,8013,1,2,5888,,5888,,46.5,0,fail
sympy__sympy-13265,7924,2,4,12062,699,,,,1,fail
sympy__sympy-13286,7921,2,4,12994,666,,,,1,fail
sympy__sympy-13429,7993,1,16,29204,175,29204,,2088.5,0,fail
sympy__sympy-13441,7975,3,4,23089,,,,708.0,2,fail
sympy__sympy-13551,7995,1,1,4465,3082,4465,3082,,0,fail
sympy__sympy-13581,8005,1,1,26044,944,26044,944,,0,fail
sympy__sympy-13773,8033,1,2,17221,602,17221,19053,,0,fail
sympy__sympy-13808,8116,1,3,57294,,57294,,832.6666666666666,1,fail
sympy__sympy-13840,8040,1,2,,,,,,0,fail
sympy__sympy-13852,8041,1,4,5149,128,5149,,114.0,0,fail
sympy__sympy-13878,8059,1,45,23242,1618,23242,,670.53125,0,fail
sympy__sympy-13915,8049,1,1,,,,,,1,fail
sympy__sympy-13962,8064,1,3,15074,6442,15074,,1.0,0,fail
sympy__sympy-13971,8064,1,1,52097,,52097,,1059.0,0,fail
sympy__sympy-14166,8148,1,1,67836,31015,67836,31015,,1,fail
sympy__sympy-14774,8259,1,1,23024,650,23024,650,,0,fail
sympy__sympy-14817,8272,1,1,20623,576,20623,576,,0,fail
sympy__sympy-15198,7845,11,20,6831,8122,,,295.75,10,fail
sympy__sympy-15241,7851,1,1,24673,13505,24673,13505,,0,fail
sympy__sympy-15308,7860,1,2,24180,742,24180,42790,,0,fail
sympy__sympy-15345,7861,1,2,1228,1370,1228,11252,,0,fail
sympy__sympy-15349,7861,1,1,5265,727,5265,727,,0,fail
sympy__sympy-15446,7902,6,8,24270,16174,,,404.25,5,fail
sympy__sympy-15542,7919,1,2,29986,824,29986,824,,0,pass
sympy__sympy-15567,7919,1,1,29648,221,29648,221,,0,fail
sympy__sympy-15599,7924,1,4,1618,845,1618,1671,,0,fail
sympy__sympy-15685,7935,1,2,7043,897,7043,3841,,1,fail
sympy__sympy-15970,7952,1,4,66016,24680,66016,41335,,1,fail
sympy__sympy-16003,7955,1,2,7456,305,7456,3347,,0,fail
sympy__sympy-16088,8053,5,15,129123,9616,,,547.2857142857143,4,fail
sympy__sympy-16334,8024,1,2,78846,,78846,,212.0,0,fail
sympy__sympy-16474,8029,2,6,24863,304,,,,1,fail
sympy__sympy-16781,8084,1,8,1916,132,1916,,28.5,0,fail
sympy__sympy-16858,8096,2,28,63160,6578,109264,,1146.9333333333334,1,fail
sympy__sympy-17150,8154,1,2,7069,595,7069,18823,,0,pass
sympy__sympy-17251,8175,2,3,16317,4137,,,,1,fail
sympy__sympy-17271,8188,2,6,2319,334,,,80.0,1,fail
sympy__sympy-17313,8227,1,4,2961,582,2961,2668,,0,fail
sympy__sympy-17696,8406,1,2,2397,167,2397,167,,0,fail
sympy__sympy-17821,8419,1,1,93797,4973,93797,4973,,0,fail
sympy__sympy-17845,8423,15,55,7367,23591,,,730.1818181818181,14,pass
sympy__sympy-18030,8455,2,6,2996,432,7354,,171.0,1,fail
sympy__sympy-18033,8451,14,88,7287,266,,,1175.7575757575758,13,fail
sympy__sympy-18057,8455,1,1,37400,1950,37400,1950,,0,pass
sympy__sympy-18087,8455,1,2,,,,,,1,fail
sympy__sympy-18130,8478,1,1,130436,,130436,,2252.0,1,fail
sympy__sympy-18137,8478,3,7,10652,146,48123,,1588.0,2,fail
sympy__sympy-18189,8489,1,1,31536,414,31536,414,,0,fail
sympy__sympy-18198,8490,21,76,419,9579,,,338.57142857142856,19,fail
sympy__sympy-18200,8489,2,2,3707,1074,163768,,86.0,1,fail
sympy__sympy-18477,8577,5,13,8784,411,,,880.6666666666666,3,fail
sympy__sympy-18532,8489,1,1,49252,1353,49252,1353,,0,fail
sympy__sympy-18810,8624,1,1,21839,326,21839,326,,0,pass
sympy__sympy-19007,8636,1,2,4671,787,4671,3524,,0,fail
sympy__sympy-19016,8637,1,1,10809,283,10809,283,,0,fail
sympy__sympy-19091,8652,1,4,34734,14118,34734,32424,,0,fail
sympy__sympy-19110,8652,1,1,9351,,9351,,276.0,0,pass
sympy__sympy-19954,8918,1,1,45282,14986,45282,14986,,0,pass
sympy__sympy-20131,8971,1,2,14921,2377,14921,7761,,0,fail
sympy__sympy-20139,8962,3,6,7519,362,,,,2,fail
sympy__sympy-20154,8971,1,3,27967,682,27967,13441,,0,pass
sympy__sympy-20565,9037,1,1,10831,332,10831,332,,0,fail
sympy__sympy-20590,9012,1,1,,,,,,1,fail
sympy__sympy-20639,9042,1,3,24148,30497,24148,,38.5,0,fail
sympy__sympy-20801,9106,1,2,,,,,,1,fail
sympy__sympy-21055,9212,1,2,2949,832,2949,1659,,0,fail
sympy__sympy-21208,9255,1,2,28104,8368,28104,,632.0,1,pass
sympy__sympy-21286,9273,1,13,10890,674,10890,,369.0,0,fail
sympy__sympy-21313,9273,1,2,6469,12962,6469,,172.0,1,fail
sympy__sympy-21379,9293,1,2,,,,,,1,fail
sympy__sympy-21527,9345,5,7,35221,3687,,,,4,fail
sympy__sympy-21596,9360,1,3,4365,1497,4365,4513,,1,fail
sympy__sympy-21806,9576,1,2,6132,1487,6132,7426,,0,fail
sympy__sympy-21864,9517,1,1,21997,416,21997,416,,0,fail
sympy__sympy-21930,9559,1,3,25697,10028,25697,,606.5,0,fail
sympy__sympy-21931,9559,17,63,30019,5121,,,376.6666666666667,16,fail
sympy__sympy-21952,9561,2,5,19021,2004,64875,,425.0,2,fail
sympy__sympy-22706,9727,1,1,8481,700,8481,700,,0,fail
sympy__sympy-22773,9772,2,11,31439,19550,63615,,1752.0,1,fail
sympy__sympy-23824,9684,1,1,6399,3088,6399,3088,,0,fail
sympy__sympy-24370,9738,1,1,39388,3266,39388,3266,,0,pass
sympy__sympy-24539,9749,1,1,17629,1824,17629,1824,,0,pass
sympy__sympy-24661,9779,1,1,54122,8371,54122,8371,,0,fail
